Txn Hash,Block,Time(UTC),From,To,Token,Token Symbol,Amount/TokenID,Result,Status
a7704422b067d394b3552dda54e5c6f96cfdb19cc9855b06a469fbe43a625bfa,71590215,2025-04-23 16:26:33,TS5v9Z9frcc6zerQmUsLBCEp28fdabNZC7,TB5wyxUZA8ndhVGvxrk8vZMvFSzDtwRTzR,TEpGiLGNB7W9W26LbvtU9wdukrLgLZwFgr,USDTg,4.567024000000000000,SUCCESS,CONFIRMED
a7704422b067d394b3552dda54e5c6f96cfdb19cc9855b06a469fbe43a625bfa,71590215,2025-04-23 16:26:33,TS5v9Z9frcc6zerQmUsLBCEp28fdabNZC7,TDhqMjTnDAUxYraTVLLie9Qd8NDGY91idq,TEpGiLGNB7W9W26LbvtU9wdukrLgLZwFgr,USDTg,0.046131000000000000,SUCCESS,CONFIRMED
a7704422b067d394b3552dda54e5c6f96cfdb19cc9855b06a469fbe43a625bfa,71590215,2025-04-23 16:26:33,TN9gRWAE958XpAgyW9dcRUccKqxveWdT7d,TS5v9Z9frcc6zerQmUsLBCEp28fdabNZC7,TEpGiLGNB7W9W26LbvtU9wdukrLgLZwFgr,USDTg,4.619736000000000000,SUCCESS,CONFIRMED
a7704422b067d394b3552dda54e5c6f96cfdb19cc9855b06a469fbe43a625bfa,71590215,2025-04-23 16:26:33,TN9gRWAE958XpAgyW9dcRUccKqxveWdT7d,TDhqMjTnDAUxYraTVLLie9Qd8NDGY91idq,TEpGiLGNB7W9W26LbvtU9wdukrLgLZwFgr,USDTg,0.046664000000000000,SUCCESS,CONFIRMED
2b0359d504d83824de4ab16e8bae985659dbd58f89a93ddeed53516de3449377,71563195,2025-04-22 17:55:09,TXmrEM8ZDR6smuXwmYjJyMT6Q3n88MQPUW,TTDW4dFH5JKxoFM8Jm2YZYkpEcAqc1CTQG,TEpGiLGNB7W9W26LbvtU9wdukrLgLZwFgr,USDTg,4.357326000000000000,SUCCESS,CONFIRMED
2b0359d504d83824de4ab16e8bae985659dbd58f89a93ddeed53516de3449377,71563195,2025-04-22 17:55:09,TXmrEM8ZDR6smuXwmYjJyMT6Q3n88MQPUW,TDhqMjTnDAUxYraTVLLie9Qd8NDGY91idq,TEpGiLGNB7W9W26LbvtU9wdukrLgLZwFgr,USDTg,0.044013000000000000,SUCCESS,CONFIRMED
2b0359d504d83824de4ab16e8bae985659dbd58f89a93ddeed53516de3449377,71563195,2025-04-22 17:55:09,TDhqMjTnDAUxYraTVLLie9Qd8NDGY91idq,TXmrEM8ZDR6smuXwmYjJyMT6Q3n88MQPUW,TEpGiLGNB7W9W26LbvtU9wdukrLgLZwFgr,USDTg,4.401339000000000000,SUCCESS,CONFIRMED
2b0359d504d83824de4ab16e8bae985659dbd58f89a93ddeed53516de3449377,71563195,2025-04-22 17:55:09,TDhqMjTnDAUxYraTVLLie9Qd8NDGY91idq,TDhqMjTnDAUxYraTVLLie9Qd8NDGY91idq,TEpGiLGNB7W9W26LbvtU9wdukrLgLZwFgr,USDTg,0.044457000000000000,SUCCESS,CONFIRMED
cb9f1c6491e06016db330a8626d9d29ac09d51b0cd320f6e3d3deb644fe98925,71563121,2025-04-22 17:51:27,TXmrEM8ZDR6smuXwmYjJyMT6Q3n88MQPUW,TN9gRWAE958XpAgyW9dcRUccKqxveWdT7d,TEpGiLGNB7W9W26LbvtU9wdukrLgLZwFgr,USDTg,16.626104000000000000,SUCCESS,CONFIRMED
cb9f1c6491e06016db330a8626d9d29ac09d51b0cd320f6e3d3deb644fe98925,71563121,2025-04-22 17:51:27,TXmrEM8ZDR6smuXwmYjJyMT6Q3n88MQPUW,TDhqMjTnDAUxYraTVLLie9Qd8NDGY91idq,TEpGiLGNB7W9W26LbvtU9wdukrLgLZwFgr,USDTg,0.167940000000000000,SUCCESS,CONFIRMED
cb9f1c6491e06016db330a8626d9d29ac09d51b0cd320f6e3d3deb644fe98925,71563121,2025-04-22 17:51:27,TDhqMjTnDAUxYraTVLLie9Qd8NDGY91idq,TXmrEM8ZDR6smuXwmYjJyMT6Q3n88MQPUW,TEpGiLGNB7W9W26LbvtU9wdukrLgLZwFgr,USDTg,16.794044000000000000,SUCCESS,CONFIRMED
cb9f1c6491e06016db330a8626d9d29ac09d51b0cd320f6e3d3deb644fe98925,71563121,2025-04-22 17:51:27,TDhqMjTnDAUxYraTVLLie9Qd8NDGY91idq,TDhqMjTnDAUxYraTVLLie9Qd8NDGY91idq,TEpGiLGNB7W9W26LbvtU9wdukrLgLZwFgr,USDTg,0.169636000000000000,SUCCESS,CONFIRMED
06b4c58963ba3065a6094d60b064c717a05ee6e41a7ee63019fe9029e1323bcb,71562800,2025-04-22 17:35:24,TDhqMjTnDAUxYraTVLLie9Qd8NDGY91idq,TFZZqYgTnuaVUsu3ZS9jULerWjqd7TLtDC,TEpGiLGNB7W9W26LbvtU9wdukrLgLZwFgr,USDTg,39.600000000000000000,SUCCESS,CONFIRMED
06b4c58963ba3065a6094d60b064c717a05ee6e41a7ee63019fe9029e1323bcb,71562800,2025-04-22 17:35:24,TDhqMjTnDAUxYraTVLLie9Qd8NDGY91idq,TDhqMjTnDAUxYraTVLLie9Qd8NDGY91idq,TEpGiLGNB7W9W26LbvtU9wdukrLgLZwFgr,USDTg,0.400000000000000000,SUCCESS,CONFIRMED
577811dd03ee49b97cfbb65be0d45cfe05b087ed5ac64cdaa7d30358552629c7,71557054,2025-04-22 12:48:06,TDhqMjTnDAUxYraTVLLie9Qd8NDGY91idq,TKy77TXEjD6pBBLSffa8EfXNDfSirJ3c4T,TEpGiLGNB7W9W26LbvtU9wdukrLgLZwFgr,USDTg,99.990000000000000000,SUCCESS,CONFIRMED
577811dd03ee49b97cfbb65be0d45cfe05b087ed5ac64cdaa7d30358552629c7,71557054,2025-04-22 12:48:06,TDhqMjTnDAUxYraTVLLie9Qd8NDGY91idq,TDhqMjTnDAUxYraTVLLie9Qd8NDGY91idq,TEpGiLGNB7W9W26LbvtU9wdukrLgLZwFgr,USDTg,1.010000000000000000,SUCCESS,CONFIRMED
a1cdc0a0e0d12271a70d81ee49d6a1ff54ccbd80ad94701098b823a497dff4e6,71537512,2025-04-21 20:30:42,TDhqMjTnDAUxYraTVLLie9Qd8NDGY91idq,TDD7LQc2pvHCUJCb4DxMyePYBhnxUTaqrv,TEpGiLGNB7W9W26LbvtU9wdukrLgLZwFgr,USDTg,10.890000000000000000,SUCCESS,CONFIRMED
a1cdc0a0e0d12271a70d81ee49d6a1ff54ccbd80ad94701098b823a497dff4e6,71537512,2025-04-21 20:30:42,TDhqMjTnDAUxYraTVLLie9Qd8NDGY91idq,TDhqMjTnDAUxYraTVLLie9Qd8NDGY91idq,TEpGiLGNB7W9W26LbvtU9wdukrLgLZwFgr,USDTg,0.110000000000000000,SUCCESS,CONFIRMED
ba2c74b483e3a50087cef3be8145a15e4583b571d2cb79d9bc01f867326e14c6,71537368,2025-04-21 20:23:30,TDhqMjTnDAUxYraTVLLie9Qd8NDGY91idq,TNrDBjfjYcP8sh7YkRvHhHnUkQ8JSU8xNd,TEpGiLGNB7W9W26LbvtU9wdukrLgLZwFgr,USDTg,99.990000000000000000,SUCCESS,CONFIRMED
ba2c74b483e3a50087cef3be8145a15e4583b571d2cb79d9bc01f867326e14c6,71537368,2025-04-21 20:23:30,TDhqMjTnDAUxYraTVLLie9Qd8NDGY91idq,TDhqMjTnDAUxYraTVLLie9Qd8NDGY91idq,TEpGiLGNB7W9W26LbvtU9wdukrLgLZwFgr,USDTg,1.010000000000000000,SUCCESS,CONFIRMED
084d9875998adcb5ae62721207ed4aea775d45f04fa3683cca2c08df793430d1,71505818,2025-04-20 18:05:36,TDhqMjTnDAUxYraTVLLie9Qd8NDGY91idq,TJbNs1NDBBMTSc2eMkGTnQnGtsbaXSegFc,TEpGiLGNB7W9W26LbvtU9wdukrLgLZwFgr,USDTg,1277.100000000000000000,SUCCESS,CONFIRMED
084d9875998adcb5ae62721207ed4aea775d45f04fa3683cca2c08df793430d1,71505818,2025-04-20 18:05:36,TDhqMjTnDAUxYraTVLLie9Qd8NDGY91idq,TDhqMjTnDAUxYraTVLLie9Qd8NDGY91idq,TEpGiLGNB7W9W26LbvtU9wdukrLgLZwFgr,USDTg,12.900000000000000000,SUCCESS,CONFIRMED
4814a948e47ec0799961aafc4a96a92304571b36d6962ef8abdf8e00833d47b4,71505558,2025-04-20 17:52:30,TDhqMjTnDAUxYraTVLLie9Qd8NDGY91idq,TCCDA8P8z7ZK3Dy2ytHW9iL4uE57Kbmnng,TEpGiLGNB7W9W26LbvtU9wdukrLgLZwFgr,USDTg,108.900000000000000000,SUCCESS,CONFIRMED
4814a948e47ec0799961aafc4a96a92304571b36d6962ef8abdf8e00833d47b4,71505558,2025-04-20 17:52:30,TDhqMjTnDAUxYraTVLLie9Qd8NDGY91idq,TDhqMjTnDAUxYraTVLLie9Qd8NDGY91idq,TEpGiLGNB7W9W26LbvtU9wdukrLgLZwFgr,USDTg,1.100000000000000000,SUCCESS,CONFIRMED
e4f713d5ff446d5d346d558e51d4226cb65da6a34cd07c8fd97443d0cb5babe3,71500745,2025-04-20 13:51:51,TDhqMjTnDAUxYraTVLLie9Qd8NDGY91idq,TMbX5ZnGr2jdExsXC3WEiNXni6dVMv1cWo,TEpGiLGNB7W9W26LbvtU9wdukrLgLZwFgr,USDTg,99.000000000000000000,SUCCESS,CONFIRMED
e4f713d5ff446d5d346d558e51d4226cb65da6a34cd07c8fd97443d0cb5babe3,71500745,2025-04-20 13:51:51,TDhqMjTnDAUxYraTVLLie9Qd8NDGY91idq,TDhqMjTnDAUxYraTVLLie9Qd8NDGY91idq,TEpGiLGNB7W9W26LbvtU9wdukrLgLZwFgr,USDTg,1.000000000000000000,SUCCESS,CONFIRMED
7cf56692c9fdcc4a706e1cc1a20506e6c9aa82ec70ae15e92e9f49a3cf04f274,71499801,2025-04-20 13:04:39,TDhqMjTnDAUxYraTVLLie9Qd8NDGY91idq,TMpmaHwdGX1k5VQkqx4drdhu9bufLEDxiE,TEpGiLGNB7W9W26LbvtU9wdukrLgLZwFgr,USDTg,99.000000000000000000,SUCCESS,CONFIRMED
7cf56692c9fdcc4a706e1cc1a20506e6c9aa82ec70ae15e92e9f49a3cf04f274,71499801,2025-04-20 13:04:39,TDhqMjTnDAUxYraTVLLie9Qd8NDGY91idq,TDhqMjTnDAUxYraTVLLie9Qd8NDGY91idq,TEpGiLGNB7W9W26LbvtU9wdukrLgLZwFgr,USDTg,1.000000000000000000,SUCCESS,CONFIRMED
dc85b8295b4530a31042cfea6cf6ba6568650ea608032297b9cb956fa7d39e13,71442694,2025-04-18 13:28:30,TDhqMjTnDAUxYraTVLLie9Qd8NDGY91idq,TKRHxMv7tUe6cLxQJsE3JL29KeRccY8K7n,TEpGiLGNB7W9W26LbvtU9wdukrLgLZwFgr,USDTg,988020.000000000000000000,SUCCESS,CONFIRMED
dc85b8295b4530a31042cfea6cf6ba6568650ea608032297b9cb956fa7d39e13,71442694,2025-04-18 13:28:30,TDhqMjTnDAUxYraTVLLie9Qd8NDGY91idq,TDhqMjTnDAUxYraTVLLie9Qd8NDGY91idq,TEpGiLGNB7W9W26LbvtU9wdukrLgLZwFgr,USDTg,9980.000000000000000000,SUCCESS,CONFIRMED
6a8e0144c016a1897df6314334835fcd139235eaabe9eae937c3dd6cb8cb41a2,71420723,2025-04-17 19:09:39,TDhqMjTnDAUxYraTVLLie9Qd8NDGY91idq,TKRHxMv7tUe6cLxQJsE3JL29KeRccY8K7n,TEpGiLGNB7W9W26LbvtU9wdukrLgLZwFgr,USDTg,8.910000000000000000,SUCCESS,CONFIRMED
6a8e0144c016a1897df6314334835fcd139235eaabe9eae937c3dd6cb8cb41a2,71420723,2025-04-17 19:09:39,TDhqMjTnDAUxYraTVLLie9Qd8NDGY91idq,TDhqMjTnDAUxYraTVLLie9Qd8NDGY91idq,TEpGiLGNB7W9W26LbvtU9wdukrLgLZwFgr,USDTg,0.090000000000000000,SUCCESS,CONFIRMED
6b0eb5a7f40f7e17568592dffa46e4ef01ab9d535cec74abc6412bb3b3739f42,71420698,2025-04-17 19:08:24,TDhqMjTnDAUxYraTVLLie9Qd8NDGY91idq,TKRHxMv7tUe6cLxQJsE3JL29KeRccY8K7n,TEpGiLGNB7W9W26LbvtU9wdukrLgLZwFgr,USDTg,8.910000000000000000,SUCCESS,CONFIRMED
6b0eb5a7f40f7e17568592dffa46e4ef01ab9d535cec74abc6412bb3b3739f42,71420698,2025-04-17 19:08:24,TDhqMjTnDAUxYraTVLLie9Qd8NDGY91idq,TDhqMjTnDAUxYraTVLLie9Qd8NDGY91idq,TEpGiLGNB7W9W26LbvtU9wdukrLgLZwFgr,USDTg,0.090000000000000000,SUCCESS,CONFIRMED
56c4e397dc27b1abcb294306b04071953f57bf224fad9c85970cdc57ebe430fe,71420662,2025-04-17 19:06:36,TDhqMjTnDAUxYraTVLLie9Qd8NDGY91idq,TKRHxMv7tUe6cLxQJsE3JL29KeRccY8K7n,TEpGiLGNB7W9W26LbvtU9wdukrLgLZwFgr,USDTg,891.000000000000000000,SUCCESS,CONFIRMED
56c4e397dc27b1abcb294306b04071953f57bf224fad9c85970cdc57ebe430fe,71420662,2025-04-17 19:06:36,TDhqMjTnDAUxYraTVLLie9Qd8NDGY91idq,TDhqMjTnDAUxYraTVLLie9Qd8NDGY91idq,TEpGiLGNB7W9W26LbvtU9wdukrLgLZwFgr,USDTg,9.000000000000000000,SUCCESS,CONFIRMED
f6a2518ec352ec6b2090211e66748eaf4629d79181097a325ac223bf35e4faba,71420602,2025-04-17 19:03:36,TDhqMjTnDAUxYraTVLLie9Qd8NDGY91idq,TKRHxMv7tUe6cLxQJsE3JL29KeRccY8K7n,TEpGiLGNB7W9W26LbvtU9wdukrLgLZwFgr,USDTg,89100.000000000000000000,SUCCESS,CONFIRMED
f6a2518ec352ec6b2090211e66748eaf4629d79181097a325ac223bf35e4faba,71420602,2025-04-17 19:03:36,TDhqMjTnDAUxYraTVLLie9Qd8NDGY91idq,TDhqMjTnDAUxYraTVLLie9Qd8NDGY91idq,TEpGiLGNB7W9W26LbvtU9wdukrLgLZwFgr,USDTg,900.000000000000000000,SUCCESS,CONFIRMED
324bd7310f32bd49107c89f224a7d49f8b28cb1cb62be80cd3989b6e6469efeb,71409796,2025-04-17 09:56:39,TDhqMjTnDAUxYraTVLLie9Qd8NDGY91idq,TKRHxMv7tUe6cLxQJsE3JL29KeRccY8K7n,TEpGiLGNB7W9W26LbvtU9wdukrLgLZwFgr,USDTg,9900000.000000000000000000,SUCCESS,CONFIRMED
324bd7310f32bd49107c89f224a7d49f8b28cb1cb62be80cd3989b6e6469efeb,71409796,2025-04-17 09:56:39,TDhqMjTnDAUxYraTVLLie9Qd8NDGY91idq,TDhqMjTnDAUxYraTVLLie9Qd8NDGY91idq,TEpGiLGNB7W9W26LbvtU9wdukrLgLZwFgr,USDTg,100000.000000000000000000,SUCCESS,CONFIRMED
194ca0c5ac3ad078caa976221f9a9579c0bc07f9e5ef385d15abfc864c5b228a,71409716,2025-04-17 09:52:30,TDhqMjTnDAUxYraTVLLie9Qd8NDGY91idq,TKRHxMv7tUe6cLxQJsE3JL29KeRccY8K7n,TEpGiLGNB7W9W26LbvtU9wdukrLgLZwFgr,USDTg,989010000.000000000000000000,SUCCESS,CONFIRMED
194ca0c5ac3ad078caa976221f9a9579c0bc07f9e5ef385d15abfc864c5b228a,71409716,2025-04-17 09:52:30,TDhqMjTnDAUxYraTVLLie9Qd8NDGY91idq,TDhqMjTnDAUxYraTVLLie9Qd8NDGY91idq,TEpGiLGNB7W9W26LbvtU9wdukrLgLZwFgr,USDTg,9990000.000000000000000000,SUCCESS,CONFIRMED
a5e4b7005be786af3a875949143ccbf44766628b017abcdc9bc838c457aa9a8d,71404611,2025-04-17 05:37:09,TS5v9Z9frcc6zerQmUsLBCEp28fdabNZC7,TFZZqYgTnuaVUsu3ZS9jULerWjqd7TLtDC,TEpGiLGNB7W9W26LbvtU9wdukrLgLZwFgr,USDTg,4.855543000000000000,SUCCESS,CONFIRMED
a5e4b7005be786af3a875949143ccbf44766628b017abcdc9bc838c457aa9a8d,71404611,2025-04-17 05:37:09,TS5v9Z9frcc6zerQmUsLBCEp28fdabNZC7,TDhqMjTnDAUxYraTVLLie9Qd8NDGY91idq,TEpGiLGNB7W9W26LbvtU9wdukrLgLZwFgr,USDTg,0.049045000000000000,SUCCESS,CONFIRMED
a5e4b7005be786af3a875949143ccbf44766628b017abcdc9bc838c457aa9a8d,71404611,2025-04-17 05:37:09,TN9gRWAE958XpAgyW9dcRUccKqxveWdT7d,TS5v9Z9frcc6zerQmUsLBCEp28fdabNZC7,TEpGiLGNB7W9W26LbvtU9wdukrLgLZwFgr,USDTg,4.906575000000000000,SUCCESS,CONFIRMED
a5e4b7005be786af3a875949143ccbf44766628b017abcdc9bc838c457aa9a8d,71404611,2025-04-17 05:37:09,TN9gRWAE958XpAgyW9dcRUccKqxveWdT7d,TDhqMjTnDAUxYraTVLLie9Qd8NDGY91idq,TEpGiLGNB7W9W26LbvtU9wdukrLgLZwFgr,USDTg,0.049561000000000000,SUCCESS,CONFIRMED
df886605f74e5eae592aad4548dd8f60c925dcc53d1b45064a6de6daadc84615,71404599,2025-04-17 05:36:33,TFZZqYgTnuaVUsu3ZS9jULerWjqd7TLtDC,TB5wyxUZA8ndhVGvxrk8vZMvFSzDtwRTzR,TEpGiLGNB7W9W26LbvtU9wdukrLgLZwFgr,USDTg,5.863468000000000000,SUCCESS,CONFIRMED
df886605f74e5eae592aad4548dd8f60c925dcc53d1b45064a6de6daadc84615,71404599,2025-04-17 05:36:33,TFZZqYgTnuaVUsu3ZS9jULerWjqd7TLtDC,TDhqMjTnDAUxYraTVLLie9Qd8NDGY91idq,TEpGiLGNB7W9W26LbvtU9wdukrLgLZwFgr,USDTg,0.059226000000000000,SUCCESS,CONFIRMED
9db4f3993623614ab520d75a4914d5868ac9b6ec3b139d236ee3ae38404bab67,71404596,2025-04-17 05:36:24,TFZZqYgTnuaVUsu3ZS9jULerWjqd7TLtDC,TB5wyxUZA8ndhVGvxrk8vZMvFSzDtwRTzR,TEpGiLGNB7W9W26LbvtU9wdukrLgLZwFgr,USDTg,7.277787000000000000,SUCCESS,CONFIRMED
9db4f3993623614ab520d75a4914d5868ac9b6ec3b139d236ee3ae38404bab67,71404596,2025-04-17 05:36:24,TFZZqYgTnuaVUsu3ZS9jULerWjqd7TLtDC,TDhqMjTnDAUxYraTVLLie9Qd8NDGY91idq,TEpGiLGNB7W9W26LbvtU9wdukrLgLZwFgr,USDTg,0.073513000000000000,SUCCESS,CONFIRMED
cba4b883769c4efd4e511324878be9490a0320c5a82d1c1709247891ca8280a4,71404587,2025-04-17 05:35:57,TS5v9Z9frcc6zerQmUsLBCEp28fdabNZC7,TB5wyxUZA8ndhVGvxrk8vZMvFSzDtwRTzR,TEpGiLGNB7W9W26LbvtU9wdukrLgLZwFgr,USDTg,19.483779000000000000,SUCCESS,CONFIRMED
cba4b883769c4efd4e511324878be9490a0320c5a82d1c1709247891ca8280a4,71404587,2025-04-17 05:35:57,TS5v9Z9frcc6zerQmUsLBCEp28fdabNZC7,TDhqMjTnDAUxYraTVLLie9Qd8NDGY91idq,TEpGiLGNB7W9W26LbvtU9wdukrLgLZwFgr,USDTg,0.196805000000000000,SUCCESS,CONFIRMED
cba4b883769c4efd4e511324878be9490a0320c5a82d1c1709247891ca8280a4,71404587,2025-04-17 05:35:57,TTDW4dFH5JKxoFM8Jm2YZYkpEcAqc1CTQG,TS5v9Z9frcc6zerQmUsLBCEp28fdabNZC7,TEpGiLGNB7W9W26LbvtU9wdukrLgLZwFgr,USDTg,19.786225000000000000,SUCCESS,CONFIRMED
cba4b883769c4efd4e511324878be9490a0320c5a82d1c1709247891ca8280a4,71404587,2025-04-17 05:35:57,TTDW4dFH5JKxoFM8Jm2YZYkpEcAqc1CTQG,TDhqMjTnDAUxYraTVLLie9Qd8NDGY91idq,TEpGiLGNB7W9W26LbvtU9wdukrLgLZwFgr,USDTg,0.199860000000000000,SUCCESS,CONFIRMED
81c95568a9144af06364525ee55a8e9122ed3cc38d6c01f36baec570e3824297,71395405,2025-04-16 21:56:45,TB5wyxUZA8ndhVGvxrk8vZMvFSzDtwRTzR,TDhqMjTnDAUxYraTVLLie9Qd8NDGY91idq,TEpGiLGNB7W9W26LbvtU9wdukrLgLZwFgr,USDTg,4.576004000000000000,SUCCESS,CONFIRMED
81c95568a9144af06364525ee55a8e9122ed3cc38d6c01f36baec570e3824297,71395405,2025-04-16 21:56:45,TB5wyxUZA8ndhVGvxrk8vZMvFSzDtwRTzR,TDhqMjTnDAUxYraTVLLie9Qd8NDGY91idq,TEpGiLGNB7W9W26LbvtU9wdukrLgLZwFgr,USDTg,0.046222000000000000,SUCCESS,CONFIRMED
e29e8783f987b19cb72d432644aee22a6b4fb4d33a0fdda2f67e3dbba2cadb6f,71395387,2025-04-16 21:55:51,TB5wyxUZA8ndhVGvxrk8vZMvFSzDtwRTzR,TDhqMjTnDAUxYraTVLLie9Qd8NDGY91idq,TEpGiLGNB7W9W26LbvtU9wdukrLgLZwFgr,USDTg,16.022990000000000000,SUCCESS,CONFIRMED
e29e8783f987b19cb72d432644aee22a6b4fb4d33a0fdda2f67e3dbba2cadb6f,71395387,2025-04-16 21:55:51,TB5wyxUZA8ndhVGvxrk8vZMvFSzDtwRTzR,TDhqMjTnDAUxYraTVLLie9Qd8NDGY91idq,TEpGiLGNB7W9W26LbvtU9wdukrLgLZwFgr,USDTg,0.161848000000000000,SUCCESS,CONFIRMED
666ad1af7a10c969582a7d8ac07571e095ac0f8f8909e2faf2f4e53cdc109769,71395383,2025-04-16 21:55:39,TB5wyxUZA8ndhVGvxrk8vZMvFSzDtwRTzR,TDhqMjTnDAUxYraTVLLie9Qd8NDGY91idq,TEpGiLGNB7W9W26LbvtU9wdukrLgLZwFgr,USDTg,13.768691000000000000,SUCCESS,CONFIRMED
666ad1af7a10c969582a7d8ac07571e095ac0f8f8909e2faf2f4e53cdc109769,71395383,2025-04-16 21:55:39,TB5wyxUZA8ndhVGvxrk8vZMvFSzDtwRTzR,TDhqMjTnDAUxYraTVLLie9Qd8NDGY91idq,TEpGiLGNB7W9W26LbvtU9wdukrLgLZwFgr,USDTg,0.139077000000000000,SUCCESS,CONFIRMED
5f6e1863f08cd1a73cfb072c99040e9640bec70d0f9930c4becd258df330fb5a,71395380,2025-04-16 21:55:30,TB5wyxUZA8ndhVGvxrk8vZMvFSzDtwRTzR,TDhqMjTnDAUxYraTVLLie9Qd8NDGY91idq,TEpGiLGNB7W9W26LbvtU9wdukrLgLZwFgr,USDTg,14.309154000000000000,SUCCESS,CONFIRMED
5f6e1863f08cd1a73cfb072c99040e9640bec70d0f9930c4becd258df330fb5a,71395380,2025-04-16 21:55:30,TB5wyxUZA8ndhVGvxrk8vZMvFSzDtwRTzR,TDhqMjTnDAUxYraTVLLie9Qd8NDGY91idq,TEpGiLGNB7W9W26LbvtU9wdukrLgLZwFgr,USDTg,0.144536000000000000,SUCCESS,CONFIRMED
66f3939250507828440c6ac849e77bef41c34a22131c0a405865b55d70596156,71395378,2025-04-16 21:55:24,TB5wyxUZA8ndhVGvxrk8vZMvFSzDtwRTzR,TDhqMjTnDAUxYraTVLLie9Qd8NDGY91idq,TEpGiLGNB7W9W26LbvtU9wdukrLgLZwFgr,USDTg,13.464072000000000000,SUCCESS,CONFIRMED
66f3939250507828440c6ac849e77bef41c34a22131c0a405865b55d70596156,71395378,2025-04-16 21:55:24,TB5wyxUZA8ndhVGvxrk8vZMvFSzDtwRTzR,TDhqMjTnDAUxYraTVLLie9Qd8NDGY91idq,TEpGiLGNB7W9W26LbvtU9wdukrLgLZwFgr,USDTg,0.136000000000000000,SUCCESS,CONFIRMED
184a3c9f761a64a77d3ead87e95541adb765e7bbcae586eb45e632ec6fe14ef3,71395162,2025-04-16 21:44:36,TB5wyxUZA8ndhVGvxrk8vZMvFSzDtwRTzR,TDhqMjTnDAUxYraTVLLie9Qd8NDGY91idq,TEpGiLGNB7W9W26LbvtU9wdukrLgLZwFgr,USDTg,0.911777000000000000,SUCCESS,CONFIRMED
184a3c9f761a64a77d3ead87e95541adb765e7bbcae586eb45e632ec6fe14ef3,71395162,2025-04-16 21:44:36,TB5wyxUZA8ndhVGvxrk8vZMvFSzDtwRTzR,TDhqMjTnDAUxYraTVLLie9Qd8NDGY91idq,TEpGiLGNB7W9W26LbvtU9wdukrLgLZwFgr,USDTg,0.009209000000000000,SUCCESS,CONFIRMED
3181b0bf80994482a3162b68a17c92fef4dd5cae39936fb78c26b443a8ec1c83,71395158,2025-04-16 21:44:24,TB5wyxUZA8ndhVGvxrk8vZMvFSzDtwRTzR,TDhqMjTnDAUxYraTVLLie9Qd8NDGY91idq,TEpGiLGNB7W9W26LbvtU9wdukrLgLZwFgr,USDTg,0.920791000000000000,SUCCESS,CONFIRMED
3181b0bf80994482a3162b68a17c92fef4dd5cae39936fb78c26b443a8ec1c83,71395158,2025-04-16 21:44:24,TB5wyxUZA8ndhVGvxrk8vZMvFSzDtwRTzR,TDhqMjTnDAUxYraTVLLie9Qd8NDGY91idq,TEpGiLGNB7W9W26LbvtU9wdukrLgLZwFgr,USDTg,0.009300000000000000,SUCCESS,CONFIRMED
42d37dab610aa895889578c4cab7b63fc9210589c9155502a361f8838f30a888,71395156,2025-04-16 21:44:18,TB5wyxUZA8ndhVGvxrk8vZMvFSzDtwRTzR,TDhqMjTnDAUxYraTVLLie9Qd8NDGY91idq,TEpGiLGNB7W9W26LbvtU9wdukrLgLZwFgr,USDTg,0.929938000000000000,SUCCESS,CONFIRMED
42d37dab610aa895889578c4cab7b63fc9210589c9155502a361f8838f30a888,71395156,2025-04-16 21:44:18,TB5wyxUZA8ndhVGvxrk8vZMvFSzDtwRTzR,TDhqMjTnDAUxYraTVLLie9Qd8NDGY91idq,TEpGiLGNB7W9W26LbvtU9wdukrLgLZwFgr,USDTg,0.009393000000000000,SUCCESS,CONFIRMED
2c63bc0d6a52811dd02b1bb64fbdd3046dcd6b684dbaf737c0e374509b9c1c17,71395148,2025-04-16 21:43:54,TB5wyxUZA8ndhVGvxrk8vZMvFSzDtwRTzR,TDhqMjTnDAUxYraTVLLie9Qd8NDGY91idq,TEpGiLGNB7W9W26LbvtU9wdukrLgLZwFgr,USDTg,0.939224000000000000,SUCCESS,CONFIRMED
2c63bc0d6a52811dd02b1bb64fbdd3046dcd6b684dbaf737c0e374509b9c1c17,71395148,2025-04-16 21:43:54,TB5wyxUZA8ndhVGvxrk8vZMvFSzDtwRTzR,TDhqMjTnDAUxYraTVLLie9Qd8NDGY91idq,TEpGiLGNB7W9W26LbvtU9wdukrLgLZwFgr,USDTg,0.009487000000000000,SUCCESS,CONFIRMED
bc993f89768e4d8ff4bd99b9811e009ec7e5da002e4611b25bb0784eea7b7493,71395146,2025-04-16 21:43:48,TB5wyxUZA8ndhVGvxrk8vZMvFSzDtwRTzR,TDhqMjTnDAUxYraTVLLie9Qd8NDGY91idq,TEpGiLGNB7W9W26LbvtU9wdukrLgLZwFgr,USDTg,0.948649000000000000,SUCCESS,CONFIRMED
bc993f89768e4d8ff4bd99b9811e009ec7e5da002e4611b25bb0784eea7b7493,71395146,2025-04-16 21:43:48,TB5wyxUZA8ndhVGvxrk8vZMvFSzDtwRTzR,TDhqMjTnDAUxYraTVLLie9Qd8NDGY91idq,TEpGiLGNB7W9W26LbvtU9wdukrLgLZwFgr,USDTg,0.009582000000000000,SUCCESS,CONFIRMED
96de5d6306faa507c9f74f1c0003d6f4dba1350258aa050d51151c2f0d80eb45,71395143,2025-04-16 21:43:39,TB5wyxUZA8ndhVGvxrk8vZMvFSzDtwRTzR,TDhqMjTnDAUxYraTVLLie9Qd8NDGY91idq,TEpGiLGNB7W9W26LbvtU9wdukrLgLZwFgr,USDTg,0.958218000000000000,SUCCESS,CONFIRMED
96de5d6306faa507c9f74f1c0003d6f4dba1350258aa050d51151c2f0d80eb45,71395143,2025-04-16 21:43:39,TB5wyxUZA8ndhVGvxrk8vZMvFSzDtwRTzR,TDhqMjTnDAUxYraTVLLie9Qd8NDGY91idq,TEpGiLGNB7W9W26LbvtU9wdukrLgLZwFgr,USDTg,0.009678000000000000,SUCCESS,CONFIRMED
74667da5176fcff23b231705a01b50734f875819f698246c1dd8972e7abb2ab2,71391749,2025-04-16 18:53:57,TXmrEM8ZDR6smuXwmYjJyMT6Q3n88MQPUW,TN9gRWAE958XpAgyW9dcRUccKqxveWdT7d,TEpGiLGNB7W9W26LbvtU9wdukrLgLZwFgr,USDTg,49.005000000000000000,SUCCESS,CONFIRMED
74667da5176fcff23b231705a01b50734f875819f698246c1dd8972e7abb2ab2,71391749,2025-04-16 18:53:57,TXmrEM8ZDR6smuXwmYjJyMT6Q3n88MQPUW,TDhqMjTnDAUxYraTVLLie9Qd8NDGY91idq,TEpGiLGNB7W9W26LbvtU9wdukrLgLZwFgr,USDTg,0.495000000000000000,SUCCESS,CONFIRMED
74667da5176fcff23b231705a01b50734f875819f698246c1dd8972e7abb2ab2,71391749,2025-04-16 18:53:57,TDhqMjTnDAUxYraTVLLie9Qd8NDGY91idq,TXmrEM8ZDR6smuXwmYjJyMT6Q3n88MQPUW,TEpGiLGNB7W9W26LbvtU9wdukrLgLZwFgr,USDTg,49.500000000000000000,SUCCESS,CONFIRMED
74667da5176fcff23b231705a01b50734f875819f698246c1dd8972e7abb2ab2,71391749,2025-04-16 18:53:57,TDhqMjTnDAUxYraTVLLie9Qd8NDGY91idq,TDhqMjTnDAUxYraTVLLie9Qd8NDGY91idq,TEpGiLGNB7W9W26LbvtU9wdukrLgLZwFgr,USDTg,0.500000000000000000,SUCCESS,CONFIRMED
3f3f30d8e9a0de64f5383c0d3e491a6d021de268344c4edd7de070fe9b75917c,71391127,2025-04-16 18:22:51,TXmrEM8ZDR6smuXwmYjJyMT6Q3n88MQPUW,TTDW4dFH5JKxoFM8Jm2YZYkpEcAqc1CTQG,TEpGiLGNB7W9W26LbvtU9wdukrLgLZwFgr,USDTg,4.802981000000000000,SUCCESS,CONFIRMED
3f3f30d8e9a0de64f5383c0d3e491a6d021de268344c4edd7de070fe9b75917c,71391127,2025-04-16 18:22:51,TXmrEM8ZDR6smuXwmYjJyMT6Q3n88MQPUW,TDhqMjTnDAUxYraTVLLie9Qd8NDGY91idq,TEpGiLGNB7W9W26LbvtU9wdukrLgLZwFgr,USDTg,0.048514000000000000,SUCCESS,CONFIRMED
3f3f30d8e9a0de64f5383c0d3e491a6d021de268344c4edd7de070fe9b75917c,71391127,2025-04-16 18:22:51,TDhqMjTnDAUxYraTVLLie9Qd8NDGY91idq,TXmrEM8ZDR6smuXwmYjJyMT6Q3n88MQPUW,TEpGiLGNB7W9W26LbvtU9wdukrLgLZwFgr,USDTg,4.851495000000000000,SUCCESS,CONFIRMED
3f3f30d8e9a0de64f5383c0d3e491a6d021de268344c4edd7de070fe9b75917c,71391127,2025-04-16 18:22:51,TDhqMjTnDAUxYraTVLLie9Qd8NDGY91idq,TDhqMjTnDAUxYraTVLLie9Qd8NDGY91idq,TEpGiLGNB7W9W26LbvtU9wdukrLgLZwFgr,USDTg,0.049005000000000000,SUCCESS,CONFIRMED
113ff69ed9577097d3ca7d76e1bf8c55367d08acdf1dcb4e154c85fe8ca12b06,71388896,2025-04-16 16:31:12,TXmrEM8ZDR6smuXwmYjJyMT6Q3n88MQPUW,TTDW4dFH5JKxoFM8Jm2YZYkpEcAqc1CTQG,TEpGiLGNB7W9W26LbvtU9wdukrLgLZwFgr,USDTg,98.010000000000000000,SUCCESS,CONFIRMED
113ff69ed9577097d3ca7d76e1bf8c55367d08acdf1dcb4e154c85fe8ca12b06,71388896,2025-04-16 16:31:12,TXmrEM8ZDR6smuXwmYjJyMT6Q3n88MQPUW,TDhqMjTnDAUxYraTVLLie9Qd8NDGY91idq,TEpGiLGNB7W9W26LbvtU9wdukrLgLZwFgr,USDTg,0.990000000000000000,SUCCESS,CONFIRMED
113ff69ed9577097d3ca7d76e1bf8c55367d08acdf1dcb4e154c85fe8ca12b06,71388896,2025-04-16 16:31:12,TDhqMjTnDAUxYraTVLLie9Qd8NDGY91idq,TXmrEM8ZDR6smuXwmYjJyMT6Q3n88MQPUW,TEpGiLGNB7W9W26LbvtU9wdukrLgLZwFgr,USDTg,99.000000000000000000,SUCCESS,CONFIRMED
113ff69ed9577097d3ca7d76e1bf8c55367d08acdf1dcb4e154c85fe8ca12b06,71388896,2025-04-16 16:31:12,TDhqMjTnDAUxYraTVLLie9Qd8NDGY91idq,TDhqMjTnDAUxYraTVLLie9Qd8NDGY91idq,TEpGiLGNB7W9W26LbvtU9wdukrLgLZwFgr,USDTg,1.000000000000000000,SUCCESS,CONFIRMED
4ba648cbdea6c717347f0f055c3cce2a81660a4bca9a9a7b623c0fd6f6ecc85c,71380578,2025-04-16 09:35:12,TFZZqYgTnuaVUsu3ZS9jULerWjqd7TLtDC,TSjyiJPxeipbf5XsyejKZbftdEh2NtffJu,TEpGiLGNB7W9W26LbvtU9wdukrLgLZwFgr,USDTg,0.002492000000000000,SUCCESS,CONFIRMED
4ba648cbdea6c717347f0f055c3cce2a81660a4bca9a9a7b623c0fd6f6ecc85c,71380578,2025-04-16 09:35:12,TFZZqYgTnuaVUsu3ZS9jULerWjqd7TLtDC,TDhqMjTnDAUxYraTVLLie9Qd8NDGY91idq,TEpGiLGNB7W9W26LbvtU9wdukrLgLZwFgr,USDTg,0.000025000000000000,SUCCESS,CONFIRMED
9029d4b8b74128be06af58f6b62f0f08cf46ec39d7ff0327adb281c67870f471,71380526,2025-04-16 09:32:36,TDhqMjTnDAUxYraTVLLie9Qd8NDGY91idq,TFZZqYgTnuaVUsu3ZS9jULerWjqd7TLtDC,TEpGiLGNB7W9W26LbvtU9wdukrLgLZwFgr,USDTg,49.500000000000000000,SUCCESS,CONFIRMED
9029d4b8b74128be06af58f6b62f0f08cf46ec39d7ff0327adb281c67870f471,71380526,2025-04-16 09:32:36,TDhqMjTnDAUxYraTVLLie9Qd8NDGY91idq,TDhqMjTnDAUxYraTVLLie9Qd8NDGY91idq,TEpGiLGNB7W9W26LbvtU9wdukrLgLZwFgr,USDTg,0.500000000000000000,SUCCESS,CONFIRMED
8ed2397fc7567d52aa31fc8b971031943176c623266b370942024ed18f97595c,71368983,2025-04-15 23:55:15,TDhqMjTnDAUxYraTVLLie9Qd8NDGY91idq,TB5wyxUZA8ndhVGvxrk8vZMvFSzDtwRTzR,TEpGiLGNB7W9W26LbvtU9wdukrLgLZwFgr,USDTg,183.337506000000000000,SUCCESS,CONFIRMED
8ed2397fc7567d52aa31fc8b971031943176c623266b370942024ed18f97595c,71368983,2025-04-15 23:55:15,TDhqMjTnDAUxYraTVLLie9Qd8NDGY91idq,TDhqMjTnDAUxYraTVLLie9Qd8NDGY91idq,TEpGiLGNB7W9W26LbvtU9wdukrLgLZwFgr,USDTg,1.851894000000000000,SUCCESS,CONFIRMED
c05547717f08b5efb94b37ca6df19d26db530fb957021ea9aa4d56fafee6be81,71368729,2025-04-15 23:42:33,TDhqMjTnDAUxYraTVLLie9Qd8NDGY91idq,TB5wyxUZA8ndhVGvxrk8vZMvFSzDtwRTzR,TEpGiLGNB7W9W26LbvtU9wdukrLgLZwFgr,USDTg,4.900500000000000000,SUCCESS,CONFIRMED
c05547717f08b5efb94b37ca6df19d26db530fb957021ea9aa4d56fafee6be81,71368729,2025-04-15 23:42:33,TDhqMjTnDAUxYraTVLLie9Qd8NDGY91idq,TDhqMjTnDAUxYraTVLLie9Qd8NDGY91idq,TEpGiLGNB7W9W26LbvtU9wdukrLgLZwFgr,USDTg,0.049500000000000000,SUCCESS,CONFIRMED
870784794cca3c15d5d053498b6da7873f5ba3aadf529cc20e89a4dcd014c5f7,71368189,2025-04-15 23:15:33,TDhqMjTnDAUxYraTVLLie9Qd8NDGY91idq,TB5wyxUZA8ndhVGvxrk8vZMvFSzDtwRTzR,TEpGiLGNB7W9W26LbvtU9wdukrLgLZwFgr,USDTg,4.950000000000000000,SUCCESS,CONFIRMED
870784794cca3c15d5d053498b6da7873f5ba3aadf529cc20e89a4dcd014c5f7,71368189,2025-04-15 23:15:33,TDhqMjTnDAUxYraTVLLie9Qd8NDGY91idq,TDhqMjTnDAUxYraTVLLie9Qd8NDGY91idq,TEpGiLGNB7W9W26LbvtU9wdukrLgLZwFgr,USDTg,0.050000000000000000,SUCCESS,CONFIRMED
aa20287a07a243faeca56f5bd97bd09328d49644a3b00d8a722e8274ad4a17d6,71337499,2025-04-14 21:33:54,T9yD14Nj9j7xAB4dbGeiX9h8unkKHxuWwb,TDhqMjTnDAUxYraTVLLie9Qd8NDGY91idq,TEpGiLGNB7W9W26LbvtU9wdukrLgLZwFgr,USDTg,1000000000.000000000000000000,SUCCESS,CONFIRMED
